ATCAATCATA,21.3,24.5,27.9,32.4,33.6
TTGTAGTCAT,24.7,28.2,31.2,34.8,36
GAAATGAAAG,22.1,25.3,29.1,33.1,34.4
CCAACTTCTT,29,32.1,35.9,39.6,40.6
ATCGTCTGGA,33.8,37.4,40.5,44.5,44.9
AGCGTAAGTC,27.4,31.2,34.6,39.5,40.3
CGATCTGCGA,39.2,42.3,45.6,48.4,49.1
TGGCGAGCAC,44.4,47.8,51.3,55,55.3
GATGCGCTCG,44.2,47,50.1,53.6,53.5
GGGACCGCCT,46.7,50.3,53.1,56.5,57
CGTACACATGC,40.4,43.5,46.1,49.6,49.9
CCATTGCTACC,38,41.7,44.5,47.9,48.9
TACTAACATTAACTA,35.3,40.4,44.1,49.3,51.1
ATACTTACTGATTAG,38.1,41.4,45,49.9,51.5
GTACACTGTCTTATA,41,44.8,48.3,52.9,54.8
GTATGAGAGACTTTA,39.9,44.2,47.9,53.3,55.4
TTCTACCTATGTGAT,40.6,44.6,48.1,52.3,53.7
AGTAGTAATCACACC,44.3,47.8,51.6,56.2,57.1
ATCGTCTCGGTATAA,45.5,49.4,52.9,57.4,58.6
ACGACAGGTTTACCA,47.8,51.2,55.5,59.8,61.3
CTTTCATGTCCGCAT,49.9,53.9,57.1,61.4,62.8
TGGATGTGTGAACAC,46.5,51.6,54.6,59.1,60.4
ACCCCGCAATACATG,51.3,55.2,58.5,62.4,62.9
GCAGTGGATGTGAGA,51.2,54.8,58,61.7,63.3
GGTCCTTACTTGGTG,47.8,51.6,55.1,59.1,60.3
CGCCTCATGCTCATC,52.8,56.7,60.1,63.6,65.8
AAATAGCCGGGCCGC,59,62.2,65.3,69,70.4
CCAGCCAGTCTCTCC,54.1,58,61.5,65.1,66.7
GACGACAAGACCGCG,57.9,61.5,64.4,67.6,68.6
CAGCCTCGTCGCAGC,60.8,64.1,67.4,70.1,72
CTCGCGGTCGAAGCG,61.5,64.6,67.1,70,70.7
GCGTCGGTCCGGGCT,64.9,67.7,70.5,73.9,74.1
TATGTATATTTTGTAATCAG,44.4,47.7,52.6,57.6,61.2
TTCAAGTTAAACATTCTATC,45.7,49.5,53.9,59.4,61.5
TGATTCTACCTATGTGATTT,49.1,53.5,57.4,62.3,64.4
GAGATTGTTTCCCTTTCAAA,49.3,52.8,57.6,62.6,65.3
ATGCAATGCTACATATTCGC,55.2,59.5,62.9,67,68.9
CCACTATACCATCTATGTAC,51.1,54.6,58.4,62.2,64.4
CCATCATTGTGTCTACCTCA,55.6,59.5,63.1,67.3,68.5
CGGGACCAACTAAAGGAAAT,53.7,57.7,61.7,66.7,68.5
TAGTGGCGATTAGATTCTGC,57,60.6,64.8,69.1,71.2
AGCTGCAGTGGATGTGAGAA,59.7,63.5,67.6,71.3,73.1
TACTTCCAGTGCTCAGCGTA,60.3,64.4,67.7,71.6,73.6
CAGTGAGACAGCAATGGTCG,59.8,63.5,67,71.1,72.5
CGAGCTTATCCCTATCCCTC,56,60.2,64.1,68.5,70.3
CGTACTAGCGTTGGTCATGG,59.6,63.1,66.6,70.5,71.1
AAGGCGAGTCAGGCTCAGTG,64.5,67.7,71.4,75.1,76.3
ACCGACGACGCTGATCCGAT,66,69.1,72.6,76.8,77.3
AGCAGTCCGCCACACCCTGA,66.5,69.9,74,76.9,78.5
CAGCCTCGTTCGCACAGCCC,67.2,70.7,74,77.7,78.1
GTGGTGGGCCGTGCGCTCTG,69.2,72.7,76.2,79.6,81
GTCCACGCCCGGTGCGACGG,70.9,73.9,77.3,79.8,81.1
